project,scenario,worker_setting,version,batch,sample,started_at,elapsed_seconds,ns/op,checkers,diagnostics/op,files/op,gomaxprocs,type-diagnostics/op,workers,B/op,allocs/op
typescript,full-lint,4,baseline,0,0,1790176299.752,2.383,2360932375.0,4.0,53389.0,600.0,4.0,0.0,4.0,1992429816.0,13439303.0
typescript,full-lint,4,baseline,0,1,1790176302.136,2.371,2350845583.0,4.0,53389.0,600.0,4.0,0.0,4.0,1978838248.0,13392963.0
typescript,full-lint,4,baseline,0,2,1790176304.508,2.4,2376158167.0,4.0,53389.0,600.0,4.0,0.0,4.0,1976533960.0,13446691.0
typescript,full-lint,4,baseline,0,3,1790176306.908,2.371,2349754292.0,4.0,53389.0,600.0,4.0,0.0,4.0,1978754968.0,13380974.0
typescript,full-lint,4,baseline,0,4,1790176309.28,2.374,2351093125.0,4.0,53389.0,600.0,4.0,0.0,4.0,1983294976.0,13439869.0
typescript,full-lint,4,affinity,1,0,1790176311.654,3.118,3096202417.0,4.0,53389.0,600.0,4.0,0.0,4.0,1979053696.0,13484072.0
typescript,full-lint,4,affinity,1,1,1790176314.773,3.122,3102730751.0,4.0,53389.0,600.0,4.0,0.0,4.0,1978741176.0,13484213.0
typescript,full-lint,4,affinity,1,2,1790176317.896,3.134,3113236667.0,4.0,53389.0,600.0,4.0,0.0,4.0,1979186168.0,13484251.0
typescript,full-lint,4,affinity,1,3,1790176321.03,3.241,3218571416.0,4.0,53389.0,600.0,4.0,0.0,4.0,1979389920.0,13484431.0
typescript,full-lint,4,affinity,1,4,1790176324.272,3.159,3136575624.0,4.0,53389.0,600.0,4.0,0.0,4.0,1978937224.0,13483840.0
typescript,full-lint,4,stealing,2,0,1790176327.432,2.37,2346706084.0,4.0,53389.0,600.0,4.0,0.0,4.0,1999958912.0,13469697.0
typescript,full-lint,4,stealing,2,1,1790176329.803,2.451,2426661166.0,4.0,53389.0,600.0,4.0,0.0,4.0,1983569928.0,13435810.0
typescript,full-lint,4,stealing,2,2,1790176332.255,2.411,2389534541.0,4.0,53389.0,600.0,4.0,0.0,4.0,1979407400.0,13407040.0
typescript,full-lint,4,stealing,2,3,1790176334.666,2.41,2387366833.0,4.0,53389.0,600.0,4.0,0.0,4.0,1977274856.0,13406683.0
typescript,full-lint,4,stealing,2,4,1790176337.077,2.461,2435922750.0,4.0,53389.0,600.0,4.0,0.0,4.0,1993639192.0,13467699.0
typescript,full-lint,4,sorted,3,0,1790176339.539,2.388,2364301751.0,4.0,53389.0,600.0,4.0,0.0,4.0,1972083184.0,13399252.0
typescript,full-lint,4,sorted,3,1,1790176341.927,2.61,2587313626.0,4.0,53389.0,600.0,4.0,0.0,4.0,1959005336.0,13326967.0
typescript,full-lint,4,sorted,3,2,1790176344.538,2.479,2457456458.0,4.0,53389.0,600.0,4.0,0.0,4.0,1973466968.0,13405593.0
typescript,full-lint,4,sorted,3,3,1790176347.018,2.512,2489458542.0,4.0,53389.0,600.0,4.0,0.0,4.0,1957950048.0,13341513.0
typescript,full-lint,4,sorted,3,4,1790176349.531,2.685,2663678166.0,4.0,53389.0,600.0,4.0,0.0,4.0,1967881304.0,13367005.0
typescript,full-lint,4,sorted,4,0,1790176352.217,2.48,2457593708.0,4.0,53389.0,600.0,4.0,0.0,4.0,1969348376.0,13405026.0
typescript,full-lint,4,sorted,4,1,1790176354.698,2.496,2473726834.0,4.0,53389.0,600.0,4.0,0.0,4.0,1961914992.0,13345640.0
typescript,full-lint,4,sorted,4,2,1790176357.194,2.616,2592960042.0,4.0,53389.0,600.0,4.0,0.0,4.0,1953474632.0,13320004.0
typescript,full-lint,4,sorted,4,3,1790176359.811,2.494,2469998542.0,4.0,53389.0,600.0,4.0,0.0,4.0,1966485824.0,13379726.0
typescript,full-lint,4,sorted,4,4,1790176362.305,2.41,2390277250.0,4.0,53389.0,600.0,4.0,0.0,4.0,1955936008.0,13320361.0
typescript,full-lint,4,stealing,5,0,1790176364.716,2.521,2498941584.0,4.0,53389.0,600.0,4.0,0.0,4.0,1979793912.0,13433060.0
typescript,full-lint,4,stealing,5,1,1790176367.238,2.369,2346635500.0,4.0,53389.0,600.0,4.0,0.0,4.0,1987724808.0,13432199.0
typescript,full-lint,4,stealing,5,2,1790176369.607,2.376,2355132791.0,4.0,53389.0,600.0,4.0,0.0,4.0,1981166856.0,13409819.0
typescript,full-lint,4,stealing,5,3,1790176371.984,2.38,2358925542.0,4.0,53389.0,600.0,4.0,0.0,4.0,1979844040.0,13419883.0
typescript,full-lint,4,stealing,5,4,1790176374.365,2.399,2376078209.0,4.0,53389.0,600.0,4.0,0.0,4.0,1983545072.0,13440477.0
typescript,full-lint,4,affinity,6,0,1790176376.765,3.122,3102909583.0,4.0,53389.0,600.0,4.0,0.0,4.0,1979383888.0,13484809.0
typescript,full-lint,4,affinity,6,1,1790176379.887,3.09,3070769792.0,4.0,53389.0,600.0,4.0,0.0,4.0,1979875592.0,13484909.0
typescript,full-lint,4,affinity,6,2,1790176382.978,3.063,3042199791.0,4.0,53389.0,600.0,4.0,0.0,4.0,1980193960.0,13484234.0
typescript,full-lint,4,affinity,6,3,1790176386.042,3.035,3016511333.0,4.0,53389.0,600.0,4.0,0.0,4.0,1979868416.0,13489219.0
typescript,full-lint,4,affinity,6,4,1790176389.078,3.05,3031390625.0,4.0,53389.0,600.0,4.0,0.0,4.0,1979082800.0,13489447.0
typescript,full-lint,4,baseline,7,0,1790176392.128,2.348,2327739499.0,4.0,53389.0,600.0,4.0,0.0,4.0,1971836152.0,13414165.0
typescript,full-lint,4,baseline,7,1,1790176394.477,2.442,2419700000.0,4.0,53389.0,600.0,4.0,0.0,4.0,1976413768.0,13445870.0
typescript,full-lint,4,baseline,7,2,1790176396.92,2.378,2356881750.0,4.0,53389.0,600.0,4.0,0.0,4.0,1973232992.0,13407117.0
typescript,full-lint,4,baseline,7,3,1790176399.299,2.375,2352710333.0,4.0,53389.0,600.0,4.0,0.0,4.0,1978916976.0,13433647.0
typescript,full-lint,4,baseline,7,4,1790176401.674,2.444,2420048666.0,4.0,53389.0,600.0,4.0,0.0,4.0,1970627832.0,13408470.0
typescript,full-check,4,baseline,0,0,1790176404.119,3.47,3440219541.0,4.0,53389.0,600.0,4.0,178.0,4.0,2377065512.0,15687279.0
typescript,full-check,4,baseline,0,1,1790176407.59,3.332,3299880875.0,4.0,53389.0,600.0,4.0,178.0,4.0,2331293792.0,15386715.0
typescript,full-check,4,baseline,0,2,1790176410.923,3.354,3326723166.0,4.0,53389.0,600.0,4.0,178.0,4.0,2374306536.0,15704365.0
typescript,full-check,4,baseline,0,3,1790176414.278,3.295,3268105791.0,4.0,53389.0,600.0,4.0,178.0,4.0,2309866840.0,15371241.0
typescript,full-check,4,baseline,0,4,1790176417.574,3.499,3472350083.0,4.0,53389.0,600.0,4.0,178.0,4.0,2373631368.0,15688190.0
typescript,full-check,4,affinity,1,0,1790176421.073,3.535,3509462625.0,4.0,53388.0,600.0,4.0,178.0,4.0,2064340072.0,13884568.0
typescript,full-check,4,affinity,1,1,1790176424.61,3.583,3559121125.0,4.0,53388.0,600.0,4.0,178.0,4.0,2065276992.0,13884771.0
typescript,full-check,4,affinity,1,2,1790176428.194,3.534,3508384209.0,4.0,53388.0,600.0,4.0,178.0,4.0,2065169176.0,13890367.0
typescript,full-check,4,affinity,1,3,1790176431.729,3.738,3710421209.0,4.0,53388.0,600.0,4.0,178.0,4.0,2066457632.0,13884362.0
typescript,full-check,4,affinity,1,4,1790176435.467,3.524,3499617708.0,4.0,53388.0,600.0,4.0,178.0,4.0,2064791808.0,13883844.0
typescript,full-check,4,stealing,2,0,1790176438.992,3.018,2993436834.0,4.0,53388.0,600.0,4.0,178.0,4.0,2131138328.0,14291088.0
typescript,full-check,4,stealing,2,1,1790176442.011,3.043,3017886375.0,4.0,53388.0,600.0,4.0,178.0,4.0,2118053856.0,14240927.0
typescript,full-check,4,stealing,2,2,1790176445.055,3.678,3653231749.0,4.0,53388.0,600.0,4.0,178.0,4.0,2128864512.0,14260120.0
typescript,full-check,4,stealing,2,3,1790176448.734,3.424,3399938000.0,4.0,53388.0,600.0,4.0,178.0,4.0,2134666936.0,14306454.0
typescript,full-check,4,stealing,2,4,1790176452.158,3.108,3085306374.0,4.0,53388.0,600.0,4.0,178.0,4.0,2133542440.0,14259868.0
typescript,full-check,4,sorted,3,0,1790176455.267,3.061,3037824500.0,4.0,53388.0,600.0,4.0,178.0,4.0,2144140848.0,14231026.0
typescript,full-check,4,sorted,3,1,1790176458.329,3.312,3287729625.0,4.0,53388.0,600.0,4.0,178.0,4.0,2139203792.0,14206689.0
typescript,full-check,4,sorted,3,2,1790176461.642,3.055,3032040750.0,4.0,53388.0,600.0,4.0,178.0,4.0,2130294480.0,14193689.0
typescript,full-check,4,sorted,3,3,1790176464.698,3.013,2989230875.0,4.0,53388.0,600.0,4.0,178.0,4.0,2140340768.0,14214006.0
typescript,full-check,4,sorted,3,4,1790176467.712,3.021,2996321583.0,4.0,53388.0,600.0,4.0,178.0,4.0,2136078984.0,14177493.0
typescript,full-check,4,sorted,4,0,1790176470.734,3.062,3039461167.0,4.0,53388.0,600.0,4.0,178.0,4.0,2130846240.0,14223602.0
typescript,full-check,4,sorted,4,1,1790176473.797,3.053,3026322958.0,4.0,53388.0,600.0,4.0,178.0,4.0,2137884488.0,14252225.0
typescript,full-check,4,sorted,4,2,1790176476.85,3.103,3076276791.0,4.0,53388.0,600.0,4.0,178.0,4.0,2128331960.0,14162087.0
typescript,full-check,4,sorted,4,3,1790176479.954,3.008,2985542500.0,4.0,53388.0,600.0,4.0,178.0,4.0,2137397112.0,14214762.0
typescript,full-check,4,sorted,4,4,1790176482.963,3.044,3020577041.0,4.0,53388.0,600.0,4.0,178.0,4.0,2151982784.0,14239403.0
typescript,full-check,4,stealing,5,0,1790176486.008,3.024,3000628999.0,4.0,53388.0,600.0,4.0,178.0,4.0,2128063616.0,14265272.0
typescript,full-check,4,stealing,5,1,1790176489.033,2.976,2952707958.0,4.0,53388.0,600.0,4.0,178.0,4.0,2126717704.0,14247242.0
typescript,full-check,4,stealing,5,2,1790176492.01,3.036,3009296166.0,4.0,53388.0,600.0,4.0,178.0,4.0,2124118040.0,14215108.0
typescript,full-check,4,stealing,5,3,1790176495.046,2.924,2900540000.0,4.0,53388.0,600.0,4.0,178.0,4.0,2135752024.0,14298375.0
typescript,full-check,4,stealing,5,4,1790176497.973,3.001,2977262208.0,4.0,53388.0,600.0,4.0,178.0,4.0,2125111368.0,14219534.0
typescript,full-check,4,affinity,6,0,1790176500.975,3.62,3596811000.0,4.0,53388.0,600.0,4.0,178.0,4.0,2064460328.0,13884436.0
typescript,full-check,4,affinity,6,1,1790176504.596,3.7,3676453500.0,4.0,53388.0,600.0,4.0,178.0,4.0,2064394280.0,13883875.0
typescript,full-check,4,affinity,6,2,1790176508.297,3.491,3465069375.0,4.0,53388.0,600.0,4.0,178.0,4.0,2065105528.0,13884448.0
typescript,full-check,4,affinity,6,3,1790176511.789,4.494,4466615625.0,4.0,53388.0,600.0,4.0,178.0,4.0,2065371560.0,13887135.0
typescript,full-check,4,affinity,6,4,1790176516.284,3.616,3592119417.0,4.0,53388.0,600.0,4.0,178.0,4.0,2064665296.0,13890663.0
typescript,full-check,4,baseline,7,0,1790176519.901,3.289,3265461458.0,4.0,53389.0,600.0,4.0,178.0,4.0,2345736832.0,15533346.0
typescript,full-check,4,baseline,7,1,1790176523.192,3.504,3478386250.0,4.0,53388.0,600.0,4.0,178.0,4.0,2353339304.0,15522406.0
typescript,full-check,4,baseline,7,2,1790176526.696,3.35,3324967207.0,4.0,53389.0,600.0,4.0,178.0,4.0,2349354624.0,15436486.0
typescript,full-check,4,baseline,7,3,1790176530.047,3.256,3229622251.0,4.0,53389.0,600.0,4.0,178.0,4.0,2352478720.0,15559996.0
typescript,full-check,4,baseline,7,4,1790176533.304,3.463,3437263084.0,4.0,53388.0,600.0,4.0,178.0,4.0,2369994464.0,15710560.0
vscode,full-lint,4,baseline,0,0,1790176536.768,6.282,6224001625.0,4.0,144846.0,4366.0,4.0,0.0,4.0,5118864528.0,36589666.0
vscode,full-lint,4,baseline,0,1,1790176543.051,5.792,5738565374.0,4.0,144846.0,4366.0,4.0,0.0,4.0,5122628008.0,36616416.0
vscode,full-lint,4,baseline,0,2,1790176548.843,6.124,6069832584.0,4.0,144846.0,4366.0,4.0,0.0,4.0,5124317856.0,36594604.0
vscode,full-lint,4,baseline,0,3,1790176554.969,6.026,5975716916.0,4.0,144846.0,4366.0,4.0,0.0,4.0,5117198648.0,36593436.0
vscode,full-lint,4,baseline,0,4,1790176560.996,5.568,5513362792.0,4.0,144846.0,4366.0,4.0,0.0,4.0,5120235832.0,36586085.0
vscode,full-lint,4,affinity,1,0,1790176566.565,6.283,6227752418.0,4.0,144846.0,4366.0,4.0,0.0,4.0,5119651728.0,36576853.0
vscode,full-lint,4,affinity,1,1,1790176572.85,6.277,6225734084.0,4.0,144846.0,4366.0,4.0,0.0,4.0,5123366960.0,36583381.0
vscode,full-lint,4,affinity,1,2,1790176579.128,7.055,7003152833.0,4.0,144846.0,4366.0,4.0,0.0,4.0,5121472352.0,36578550.0
